use timetable_laravel;

SET FOREIGN_KEY_CHECKS=0;
TRUNCATE TABLE course_offered;
TRUNCATE TABLE course_offered_faculty;

INSERT INTO  `institute` (`id`,`name`,`alias`) VALUES ("1","Birla Vishwakarma Mahavidyalaya, Vallabh Vidynagar","BVM");

INSERT INTO  `programme` (`id`,`institute_id`,`name`,`alias`,`levels`) VALUES ("1","1","Bachelor of Engineering","BE","4");

INSERT INTO  `department` (`id`,`name`,`alias`,`programme_id`) VALUES ("3","Computer Engineering","CP","1"),("1","Civil Engineering","CE","1"),("6","Mechanical Engineering","ME","1"),("9","Information Technology","IT","1");

INSERT INTO  `designation` (`id`,`name`,`hours`, `programme_id`) VALUES ("3","Head of Department","8","1"),("4","Professor","14","1"),("5","Assistant Professor","18","1"),("6","Lecturer","20","1");

INSERT INTO  `faculty` (`id`,`edited_id`,`alias`,`name`,`code`,`designation_id`,`department_id`) VALUES ("1",NULL,"D.G.T","Darshak G. Thakore","T130","3","3"),("2",NULL,"B.A.T","Bhavesh A. Tanawala","T223","5","3"),("3",NULL,"M.I.H","Mosin I. Hasan","T230","5","3"),("4",NULL,"K.J.S","Kirti J. Sharma","T153","5","3"),("5",NULL,"N.M.P","Narendra M. Patel","T123","4","3"),("6",NULL,"IT-1","IT Faculty - 1","T500","5","9"),("7",NULL,"IT-2","IT Faculty - 2","T501","5","9"),("8",NULL,"IT-3","IT Faculty - 3","T502","5","9"),("9",NULL,"IT-4","IT Faculty - 4","T503","4","9");

INSERT INTO  `class` (`id`,`level`,`division`,`default_class`,`department_id`) VALUES ("1","1","3","1","3"),("2","2","3","2","3"),("3","3","3","3","3"),("4","1","9","9","9"),("5","2","9","10","9"),("6","3","9","11","9");

INSERT INTO  `location` (`id`,`name`,`description`,`capacity`,`type`) VALUES ("1","A218",NULL,"70","0"),("2","A219",NULL,"65","0"),("3","A220",NULL,"70","0"),("4","LAB-8",NULL,"22","1"),("5","LAB-7A",NULL,"20","1"),("6","LAB-7B",NULL,"20","1"),("7","LAB-6",NULL,"20","1"),("8","LAB-5",NULL,"20","1"),("9","B-308",NULL,"65","0"),("10","B-309",NULL,"65","0"),("11","B-310",NULL,"70","0"),("12","LAB-1",NULL,"22","1"),("13","LAB-2",NULL,"20","1"),("14","LAB-3",NULL,"20","1"),("15","LAB-4A",NULL,"20","1"),("16","LAB-4B",NULL,"20","1");

INSERT INTO  `course` (`id`,`edited_id`,`name`,`alias`,`code`,`credit`,`scheme`,`department_id`) VALUES ("1",NULL,"Design and Analysis of Algorithm","D.A.A","CP135","5","410","3"),("2",NULL,"Therory of Computation","T.O.C","CP131","3","210","3"),("7",NULL,"Database Management System","D.B.M.S","CP234","5","410","3"),("8",NULL,"Object Oriented Porgramming","OOP","CP230","3","210","3"),("14",NULL,"Computer Organization and Architecture","C.O.A","CP320","3","210","3"),("15",NULL,"Data Mining and Business Intelligence","D.M.B.I","CP310","5","401","3"),("20",NULL,"Basic Electronics","B.E","CC110","5","410","9"),("21",NULL,"Computer Workshop","C.W","CC111","3","210","9"),("22",NULL,"Big Data Analytics","B.D.A","IT230","5","410","9"),("23",NULL,"Mobile Computing","M.C","IT231","3","210","9"),("24",NULL,"Computer Graphics","C.G","IT321","3","210","9"),("25",NULL,"Advance Web Technology","A.W.T","IT322","5","401","9");

INSERT INTO  `course_offered` (`id`,`profile_id`,`class_id`,`batch`,`course_id`,`course_type`,`location_id`) VALUES ("1","1","1","0","1","0","1"),("2","1","1","1","1","1","4"),("3","1","1","2","1","1","4"),("4","1","1","3","1","1","4"),("5","1","1","4","1","1","4"),("6","1","1","5","1","1","4"),("7","1","1","0","2","0","1"),("8","1","1","1","2","1","5"),("9","1","1","2","2","1","5"),("10","1","1","3","2","1","5"),("11","1","1","4","2","1","5"),("12","1","1","5","2","1","5"),("13","1","2","0","7","0","2"),("14","1","2","1","7","1","5"),("15","1","2","2","7","1","5"),("16","1","2","3","7","1","5"),("17","1","2","4","7","1","5"),("18","1","2","5","7","1","5"),("19","1","2","0","8","0","2"),("20","1","2","1","8","1","6"),("21","1","2","2","8","1","6"),("22","1","2","3","8","1","6"),("23","1","2","4","8","1","6"),("24","1","2","5","8","1","6"),("25","1","3","0","15","0","2"),("26","1","3","1","15","2","7"),("27","1","3","2","15","2","7"),("28","1","3","3","15","2","7"),("29","1","3","4","15","2","7"),("30","1","3","5","15","2","7"),("31","1","3","0","14","0","2"),("32","1","3","1","14","1","8"),("33","1","3","2","14","1","8"),("34","1","3","3","14","1","8"),("35","1","3","4","14","1","8"),("36","1","3","5","14","1","8"),("37","1","4","0","20","0","9"),("38","1","4","1","20","1","12"),("39","1","4","2","20","1","12"),("40","1","4","3","20","1","12"),("41","1","4","4","20","1","12"),("42","1","4","5","20","1","12"),("43","1","4","0","21","0","9"),("44","1","4","1","21","1","13"),("45","1","4","2","21","1","13"),("46","1","4","3","21","1","13"),("47","1","4","4","21","1","13"),("48","1","4","5","21","1","13"),("49","1","5","0","22","0","10"),("50","1","5","1","22","1","13"),("51","1","5","2","22","1","13"),("52","1","5","3","22","1","13"),("53","1","5","4","22","1","13"),("54","1","5","5","22","1","13"),("55","1","5","0","23","0","10"),("56","1","5","1","23","1","14"),("57","1","5","2","23","1","14"),("58","1","5","3","23","1","14"),("59","1","5","4","23","1","14"),("60","1","5","5","23","1","14"),("61","1","6","0","25","0","11"),("62","1","6","1","25","2","15"),("63","1","6","2","25","2","15"),("64","1","6","3","25","2","15"),("65","1","6","4","25","2","15"),("66","1","6","5","25","2","15"),("67","1","6","0","24","0","11"),("68","1","6","1","24","1","16"),("69","1","6","2","24","1","16"),("70","1","6","3","24","1","16"),("71","1","6","4","24","1","16"),("72","1","6","5","24","1","16");

INSERT INTO  `course_offered_faculty` (`course_offered_id`,`faculty_id`) VALUES ("1","5"),("2","2"),("3","2"),("4","2"),("5","2"),("6","2"),("7","2"),("8","3"),("9","3"),("10","3"),("11","3"),("12","3"),("13","3"),("14","4"),("15","4"),("16","4"),("17","4"),("18","4"),("19","3"),("20","5"),("21","5"),("22","5"),("23","5"),("24","5"),("25","5"),("26","4"),("27","2"),("28","2"),("29","2"),("30","2"),("31","2"),("32","5"),("33","4"),("34","3"),("35","4"),("36","5"),("37","9"),("38","6"),("39","6"),("40","6"),("41","6"),("42","6"),("43","6"),("44","7"),("45","7"),("46","7"),("47","7"),("48","7"),("49","7"),("50","8"),("51","8"),("52","8"),("53","8"),("54","8"),("55","7"),("56","9"),("57","9"),("58","9"),("59","9"),("60","9"),("61","9"),("62","8"),("63","6"),("64","6"),("65","6"),("66","6"),("67","6"),("68","9"),("69","8"),("70","7"),("71","8"),("72","9");

INSERT INTO  `profile` (`id`,`name`,`description`,`year`,`semester`,`created_at`,`programme_id`,`is_archived`) VALUES ("1","BE-Winter-2018","Bachelor of Engineering, Winter, 2018","2018","1",CURRENT_TIMESTAMP,"1","0");

INSERT INTO  `time_table` (`id`,`profile_id`,`from`,`to`,`day`,`course_offered_id`) VALUES ("1","1","11","12","1","1"),("2","1","11","12","2","1"),("3","1","11","12","3","1"),("4","1","11","12","4","1"),("5","1","12","14","1","2"),("6","1","13","15","2","3"),("7","1","14","16","3","4"),("8","1","16","18","4","5"),("9","1","11","13","5","6"),("10","1","14","16","1","7"),("11","1","12","13","2","7"),("12","1","16","18","1","8"),("13","1","16","18","2","9"),("14","1","16","18","3","10"),("15","1","12","14","4","11"),("16","1","12","14","3","12"),("17","1","11","12","1","13"),("18","1","11","12","2","13"),("19","1","11","12","3","13"),("20","1","11","12","4","13"),("21","1","12","14","1","14"),("22","1","13","15","2","15"),("23","1","14","16","3","16"),("24","1","16","18","4","17"),("25","1","11","13","5","18"),("26","1","14","15","1","19"),("27","1","12","13","2","19"),("28","1","16","18","1","20"),("29","1","16","18","2","21"),("30","1","16","18","3","22"),("31","1","12","14","4","23"),("32","1","12","14","3","24"),("33","1","12","13","1","25"),("34","1","13","14","2","25"),("35","1","11","13","2","26"),("36","1","14","18","1","27"),("37","1","13","15","5","28"),("38","1","14","16","4","29"),("39","1","16","18","5","30"),("40","1","11","12","1","31"),("41","1","11","12","3","31"),("42","1","11","12","4","31"),("43","1","11","12","5","31"),("44","1","13","14","1","32"),("45","1","12","13","5","33"),("46","1","12","13","4","34"),("47","1","17","18","4","35"),("48","1","14","15","2","36"),("49","1","11","12","1","37"),("50","1","11","12","2","37"),("51","1","11","12","3","37"),("52","1","11","12","4","37"),("53","1","12","14","1","38"),("54","1","13","15","2","39"),("55","1","14","16","3","40"),("56","1","16","18","4","41"),("57","1","11","13","5","42"),("58","1","14","16","1","43"),("59","1","12","13","2","43"),("60","1","16","18","1","44"),("61","1","16","18","2","45"),("62","1","16","18","3","46"),("63","1","12","14","4","47"),("64","1","12","14","3","48"),("65","1","11","12","1","49"),("66","1","11","12","2","49"),("67","1","11","12","3","49"),("68","1","11","12","4","49"),("69","1","12","14","1","50"),("70","1","13","15","2","51"),("71","1","14","16","3","52"),("72","1","16","18","4","53"),("73","1","11","13","5","54"),("74","1","14","15","1","55"),("75","1","12","13","2","55"),("76","1","16","18","1","56"),("77","1","16","18","2","57"),("78","1","16","18","3","58"),("79","1","12","14","4","59"),("80","1","12","14","3","60"),("81","1","12","13","1","61"),("82","1","13","14","2","61"),("83","1","11","13","2","62"),("84","1","14","18","1","63"),("85","1","13","15","5","64"),("86","1","14","16","4","65"),("87","1","16","18","5","66"),("88","1","11","12","1","67"),("89","1","11","12","3","67"),("90","1","11","12","4","67"),("91","1","11","12","5","67"),("92","1","13","14","1","68"),("93","1","12","13","5","69"),("94","1","12","13","4","70"),("95","1","17","18","4","71"),("96","1","14","15","2","72");

COMMIT;